{"cameraMode":{"drawMode":0,"name":"Shaded","section":"Shading Mode"},"sceneLighting":false,"audioPlay":false,"sceneViewState":{"m_AlwaysRefresh":false,"showFog":false,"showSkybox":false,"showFlares":false,"showImageEffects":false,"showParticleSystems":false,"showVisualEffectGraphs":true,"m_FxEnabled":true},"in2DMode":false,"pivot":{"x":0.0030248165130615236,"y":1.579803466796875,"z":-1.2221230268478394},"rotation":{"x":-0.3780410885810852,"y":-0.06878643482923508,"z":0.02818181924521923,"w":-0.9228079319000244},"size":72.13408660888672,"orthographic":false}